{
  "IcoMoonType": "selection",
  "icons": [
    {
      "icon": {
        "paths": [
          "M731.429 799.429c0 83.429-54.857 151.429-121.714 151.429h-488c-66.857 0-121.714-68-121.714-151.429 0-150.286 37.143-324 186.857-324 46.286 45.143 109.143 73.143 178.857 73.143s132.571-28 178.857-73.143c149.714 0 186.857 173.714 186.857 324zM585.143 292.571c0 121.143-98.286 219.429-219.429 219.429s-219.429-98.286-219.429-219.429 98.286-219.429 219.429-219.429 219.429 98.286 219.429 219.429z"
        ],
        "width": 731.4285714285713,
        "attrs": [],
        "isMulticolor": false,
        "isMulticolor2": false,
        "tags": [
          "user"
        ],
        "defaultCode": 61447,
        "grid": 14
      },
      "attrs": [],
      "properties": {
        "name": "user",
        "id": 11,
        "order": 5,
        "prevSize": 28,
        "code": 61447
      },
      "setIdx": 0,
      "setId": 0,
      "iconIdx": 11
    },
    {
      "icon": {
        "paths": [
          "M438.857 365.714c0-80.571-65.714-146.286-146.286-146.286s-146.286 65.714-146.286 146.286 65.714 146.286 146.286 146.286 146.286-65.714 146.286-146.286zM585.143 365.714c0 34.857-4 70.857-18.857 102.286l-208 442.286c-12 25.143-38.286 40.571-65.714 40.571s-53.714-15.429-65.143-40.571l-208.571-442.286c-14.857-31.429-18.857-67.429-18.857-102.286 0-161.714 130.857-292.571 292.571-292.571s292.571 130.857 292.571 292.571z"
        ],
        "width": 585.1428571428571,
        "attrs": [],
        "isMulticolor": false,
        "isMulticolor2": false,
        "tags": [
          "map-marker"
        ],
        "defaultCode": 61505,
        "grid": 14
      },
      "attrs": [],
      "properties": {
        "name": "map-marker",
        "id": 65,
        "order": 3,
        "prevSize": 28,
        "code": 61505
      },
      "setIdx": 0,
      "setId": 0,
      "iconIdx": 65
    },
    {
      "icon": {
        "paths": [
          "M920.571 475.429c0 19.429-8 38.286-21.143 51.429l-372 372.571c-13.714 13.143-32.571 21.143-52 21.143s-38.286-8-51.429-21.143l-372-372.571c-13.714-13.143-21.714-32-21.714-51.429s8-38.286 21.714-52l42.286-42.857c13.714-13.143 32.571-21.143 52-21.143s38.286 8 51.429 21.143l168 168v-402.286c0-40 33.143-73.143 73.143-73.143h73.143c40 0 73.143 33.143 73.143 73.143v402.286l168-168c13.143-13.143 32-21.143 51.429-21.143s38.286 8 52 21.143l42.857 42.857c13.143 13.714 21.143 32.571 21.143 52z"
        ],
        "width": 950.8571428571428,
        "attrs": [],
        "isMulticolor": false,
        "isMulticolor2": false,
        "tags": [
          "arrow-down"
        ],
        "defaultCode": 61539,
        "grid": 14
      },
      "attrs": [],
      "properties": {
        "name": "arrow-down",
        "id": 97,
        "order": 8,
        "prevSize": 28,
        "code": 61539
      },
      "setIdx": 0,
      "setId": 0,
      "iconIdx": 97
    },
    {
      "icon": {
        "paths": [
          "M73.143 950.857h164.571v-164.571h-164.571v164.571zM274.286 950.857h182.857v-164.571h-182.857v164.571zM73.143 749.714h164.571v-182.857h-164.571v182.857zM274.286 749.714h182.857v-182.857h-182.857v182.857zM73.143 530.286h164.571v-164.571h-164.571v164.571zM493.714 950.857h182.857v-164.571h-182.857v164.571zM274.286 530.286h182.857v-164.571h-182.857v164.571zM713.143 950.857h164.571v-164.571h-164.571v164.571zM493.714 749.714h182.857v-182.857h-182.857v182.857zM292.571 256v-164.571c0-9.714-8.571-18.286-18.286-18.286h-36.571c-9.714 0-18.286 8.571-18.286 18.286v164.571c0 9.714 8.571 18.286 18.286 18.286h36.571c9.714 0 18.286-8.571 18.286-18.286zM713.143 749.714h164.571v-182.857h-164.571v182.857zM493.714 530.286h182.857v-164.571h-182.857v164.571zM713.143 530.286h164.571v-164.571h-164.571v164.571zM731.429 256v-164.571c0-9.714-8.571-18.286-18.286-18.286h-36.571c-9.714 0-18.286 8.571-18.286 18.286v164.571c0 9.714 8.571 18.286 18.286 18.286h36.571c9.714 0 18.286-8.571 18.286-18.286zM950.857 219.429v731.429c0 40-33.143 73.143-73.143 73.143h-804.571c-40 0-73.143-33.143-73.143-73.143v-731.429c0-40 33.143-73.143 73.143-73.143h73.143v-54.857c0-50.286 41.143-91.429 91.429-91.429h36.571c50.286 0 91.429 41.143 91.429 91.429v54.857h219.429v-54.857c0-50.286 41.143-91.429 91.429-91.429h36.571c50.286 0 91.429 41.143 91.429 91.429v54.857h73.143c40 0 73.143 33.143 73.143 73.143z"
        ],
        "width": 950.8571428571428,
        "attrs": [],
        "isMulticolor": false,
        "isMulticolor2": false,
        "tags": [
          "calendar"
        ],
        "defaultCode": 61555,
        "grid": 14
      },
      "attrs": [],
      "properties": {
        "name": "calendar",
        "id": 109,
        "order": 4,
        "prevSize": 28,
        "code": 61555
      },
      "setIdx": 0,
      "setId": 0,
      "iconIdx": 109
    },
    {
      "icon": {
        "paths": [
          "M800.571 199.429l-365.714 731.429c-6.286 12.571-18.857 20-32.571 20-2.857 0-5.714-0.571-8.571-1.143-16.571-4-28-18.286-28-35.429v-329.143h-329.143c-17.143 0-31.429-11.429-35.429-28s4-33.714 18.857-41.143l731.429-365.714c5.143-2.857 10.857-4 16.571-4 9.714 0 18.857 3.429 25.714 10.857 11.429 10.857 14.286 28 6.857 42.286z"
        ],
        "width": 805.1565714285713,
        "attrs": [],
        "isMulticolor": false,
        "isMulticolor2": false,
        "tags": [
          "location-arrow"
        ],
        "defaultCode": 61732,
        "grid": 14
      },
      "attrs": [],
      "properties": {
        "name": "location-arrow",
        "id": 261,
        "order": 6,
        "prevSize": 28,
        "code": 61732
      },
      "setIdx": 0,
      "setId": 0,
      "iconIdx": 261
    },
    {
      "icon": {
        "paths": [
          "M219.429 694.857c0-40.571-32.571-73.143-73.143-73.143s-73.143 32.571-73.143 73.143 32.571 73.143 73.143 73.143 73.143-32.571 73.143-73.143zM804.571 694.857c0-40.571-32.571-73.143-73.143-73.143s-73.143 32.571-73.143 73.143 32.571 73.143 73.143 73.143 73.143-32.571 73.143-73.143zM778.286 468.571l-41.143-219.429c-3.429-17.143-18.286-29.714-36-29.714h-524.571c-17.714 0-32.571 12.571-36 29.714l-41.143 219.429c-4 22.857 13.143 43.429 36 43.429h606.857c22.857 0 40-20.571 36-43.429zM649.143 118.857c0-15.429-12-27.429-27.429-27.429h-365.714c-14.857 0-27.429 12-27.429 27.429s12.571 27.429 27.429 27.429h365.714c15.429 0 27.429-12 27.429-27.429zM877.714 533.143v344.571h-73.143v73.143c0 40.571-32.571 73.143-73.143 73.143s-73.143-32.571-73.143-73.143v-73.143h-438.857v73.143c0 40.571-32.571 73.143-73.143 73.143s-73.143-32.571-73.143-73.143v-73.143h-73.143v-344.571c0-46.857 4-81.714 14.286-127.429l58.857-259.429c10.857-91.429 170.857-146.286 365.714-146.286s354.857 54.857 365.714 146.286l60 259.429c10.286 45.714 13.143 80.571 13.143 127.429z"
        ],
        "width": 877.7142857142857,
        "attrs": [],
        "isMulticolor": false,
        "isMulticolor2": false,
        "tags": [
          "bus"
        ],
        "defaultCode": 61959,
        "grid": 14
      },
      "attrs": [],
      "properties": {
        "name": "bus",
        "id": 473,
        "order": 7,
        "prevSize": 28,
        "code": 61959
      },
      "setIdx": 0,
      "setId": 0,
      "iconIdx": 473
    }
  ],
  "height": 1024,
  "metadata": {
    "name": "busbud-icons"
  },
  "preferences": {
    "showGlyphs": true,
    "showCodes": true,
    "showQuickUse": true,
    "showQuickUse2": true,
    "showSVGs": true,
    "fontPref": {
      "prefix": "icon-",
      "metadata": {
        "fontFamily": "busbud-icons",
        "majorVersion": 1,
        "minorVersion": 0
      },
      "metrics": {
        "emSize": 1024,
        "baseline": 6.25,
        "whitespace": 50
      },
      "embed": false,
      "noie8": true,
      "ie7": false,
      "cssVars": true,
      "cssVarsFormat": "scss",
      "showSelector": true,
      "selector": "",
      "classSelector": ".icon",
      "showMetrics": false,
      "showVersion": false
    },
    "imagePref": {
      "prefix": "icon-",
      "png": true,